INSERT INTO  AUTOR ( ID, NOME ) VALUES ( 1,'Sergionho Malandro');
INSERT INTO  AUTOR ( ID, NOME ) VALUES ( 2,'Carlos Alberto');
INSERT INTO  AUTOR ( ID, NOME ) VALUES ( 3,'Cabeça da Malhação');

INSERT INTO  LIVRO ( ID, TITULO, QUANTIDADE, AUTOR_ID ) VALUES ( 1,' Use a cabeça Java', 300, 1 );
INSERT INTO  LIVRO ( ID, TITULO, QUANTIDADE, AUTOR_ID ) VALUES ( 2,' Java como programar', 500, 2 );
INSERT INTO  LIVRO ( ID, TITULO, QUANTIDADE, AUTOR_ID ) VALUES ( 3,' Spring boot', 200, 3 );

INSERT INTO  USUARIO ( ID, USERNAME, EMAIL, PASSWORD ) VALUES ( 1,'admin', 'admin@admin.com', '123456');
INSERT INTO  USUARIO ( ID, USERNAME, EMAIL, PASSWORD ) VALUES ( 2,'adm', 'adm@admin.com', '123456');
INSERT INTO  USUARIO ( ID, USERNAME, EMAIL, PASSWORD ) VALUES ( 3,'rh', 'rh@admin.com', '123456');

INSERT INTO EMPRESTIMO (ID, DATA_EMPRESTIMO, DATA_DEVOLUCAO, USUARIO_ID, LIVRO_ID) 
VALUES (1, '2018-04-28', '2018-04-30', 1, 1);
INSERT INTO EMPRESTIMO (ID, DATA_EMPRESTIMO, DATA_DEVOLUCAO, USUARIO_ID, LIVRO_ID) 
VALUES (2, '2018-04-26', '2018-04-30', 2, 2);
INSERT INTO EMPRESTIMO (ID, DATA_EMPRESTIMO, DATA_DEVOLUCAO, USUARIO_ID, LIVRO_ID) 
VALUES (3, '2018-04-24', '2018-04-30', 3, 3);

INSERT INTO REVIEW (ID, AVALIACAO, COMENTARIO, LIVRO_ID, USUARIO_ID) 
VALUES (1, 5, 'Bom, mas podia ser melhor', 1, 1);
INSERT INTO REVIEW (ID, AVALIACAO, COMENTARIO, LIVRO_ID, USUARIO_ID) 
VALUES (2, 7, 'Mto Bom, aconselho a todos a Leitura', 2, 2);
INSERT INTO REVIEW (ID, AVALIACAO, COMENTARIO, LIVRO_ID, USUARIO_ID) 
VALUES (3, 10, 'Malhacao e passado, agora so livros', 3, 3);